-,CX-2676,1983,Action, ,../dados/imagens/capaAmidar.jpeg,../dados/imagesn/gameAmidar.png
,vazio,vazio
3-D Tic-Tac-Toe,3-D Tic-Tac-Toe,CX-2618,Carol Shaw,1978,Strategy, ,vazio,vazio

32 in 1,-,CX-26163,1988,Educational; Sports,A multi-genre cartridge. It is a PAL-only release and is compatible with the Atari 7800.[4] 32 games are included; including games by Atari; Inc.; Activision; CommaVid; and U.S. Games. ,vazio ,vazio,vazio

A Game of Concentration,Memory Match,CX-2642,Jim Huether,1978,Traditional,Re-release of Hunt & Score ,vazio,vazio

Acid Drop,Vazio,Vazio,Dennis Kiss[11],1992,Strategy,PAL-only; puzzle game; last game released. Atari 2600s stopped being manufactured,vazio,vazio

Adventure,Adventure,CX-2613,Warren Robinett,1979,Adventure; Action-RPG,Contains first well-known Easter egg; containing the designer's name. ,vazio,vazio

Adventures of Tron,Vazio,Vazio,APh Technological Consulting,1982,Action, ,vazio,vazio

Air Raid,Vazio,Vazio,MenAVision,1982,Action,Only 13 copies known to exist[citation needed],vazio,vazio

Air Raiders,Vazio,Vazio,APh Technological Consulting,1982,Action, ,vazio,vazio

Air-Sea Battle,Target Fun,CX-2602,Larry Kaplan,1977,Action,One of the nine Atari 2600 launch games. ,vazio,vazio

Airlock,Vazio,Vazio,Data Age,1982,Action, ,vazio,vazio

Alien,Vazio,Vazio,20th Century Fox,1982,Action, ,vazio,vazio

Alien's Return,Vazio,Vazio,Gem International Corporation,1983,Action,Primarily a PAL release. Released in NTSC format as E.T Go Home,vazio,vazio

Alpha Beam with Ernie,-,CX-26103,Michael Callahan (programmer); Preston Stuart (graphics),1983,Educational,Co-developed by Children's Computer Workshop   ,vazio,vazio

Amidar,Vazio,Vazio,Parker Brothers,1982,Action,licensed by Konami,../dados/imagens/capaAmidar.jpeg,../dados/imagesn/gameAmidar.png

Armor Ambush,Vazio,Vazio,APh Technological Consulting,1982,Action; Racing / Driving,conversion of Intellivision Armor Battle,../dados/imagens/capaAmidar.jpeg,../dados/imagesn/gameAmidar.png

Artillery Duel,Vazio,Vazio,Action Graphics,1983,Strategy, ,../dados/imagens/capaAmidar.jpeg,../dados/imagesn/gameAmidar.png

Artillery Duel/Chuck Norris Superkicks,Vazio,Vazio,Xonox,1983,Strategy,double-ended cartridge,../dados/imagens/capaAmidar.jpeg,../dados/imagesn/gameAmidar.png

Artillery Duel/Ghost Manor,Vazio,Vazio,Xonox,1983,Strategy,double-ended cartridge,../dados/imagens/capaAmidar.jpeg,../dados/imagesn/gameAmidar.png

Artillery Duel/Spike's Peak,Vazio,Vazio,Xonox,1983,Strategy,double-ended cartridge,../dados/imagens/capaAmidar.jpeg,../dados/imagesn/gameAmidar.png

Assault,Vazio,Vazio,Bomb,1983,Action, ,../dados/imagens/capaAmidar.jpeg,../dados/imagesn/gameAmidar.png

Asterix,-,CX-2696,Steve Woita,1983,Action,Primarily a PAL release. Same game as Taz but with altered graphics. ,../dados/imagens/capaAmidar.jpeg,../dados/imagesn/gameAmidar.png

Asteroids,Asteroids,CX-2649,Brad Stewart,1981,Action, ,../dados/imagens/capaAmidar.jpeg,../dados/imagesn/gameAmidar.png

Astroblast,Vazio,Vazio,APh Technological Consulting,1982,Action,conversion of Intellivision Astrosmash,../dados/imagens/capaAmidar.jpeg,../dados/imagesn/gameAmidar.png

Atari Video Cube,-,CX-2670,1983,Strategy,Originally released as mail-order through Atari Club. ,vazio ,../dados/imagens/capaAmidar.jpeg,../dados/imagesn/gameAmidar.png

Atlantis,Vazio,Vazio,Imagic,1982,Action, ,../dados/imagens/capaAmidar.jpeg,../dados/imagesn/gameAmidar.png

Atlantis II,Vazio,Vazio,Imagic,1982,Action, ,../dados/imagens/capaAmidar.jpeg,../dados/imagesn/gameAmidar.png

BASIC Programming,-,CX-2620,Warren Robinett,1979,Educational, ,../dados/imagens/capaAmidar.jpeg,../dados/imagesn/gameAmidar.png

BMX Airmaster,Vazio,Vazio,Sculptured Software,1989,Action; Sports, ,../dados/imagens/capaAmidar.jpeg,../dados/imagesn/gameAmidar.png

Bachelor Party,Vazio,Vazio,Mystique,1982,Adult; Action,"Originally marketed under the ""Swedish Erotica"" series.",../dados/imagens/capaAmidar.jpeg,../dados/imagesn/gameAmidar.png

Bachelorette Party,Vazio,Vazio,PlayAround,Adult; Action,Released as a 2-in-1 cart with Burning Desire, ,../dados/imagens/capaAmidar.jpeg,../dados/imagesn/gameAmidar.png

Backgammon,Backgammon,CX-2617,Craig Nelson,1979,Strategy, ,../dados/imagens/capaAmidar.jpeg,../dados/imagesn/gameAmidar.png

Bank Heist,Vazio,Vazio,20th Century Fox,1983,Action; Racing / Driving, ,../dados/imagens/capaAmidar.jpeg,../dados/imagesn/gameAmidar.png

Barnstorming,Vazio,Vazio,Activision,1982,Action, ,../dados/imagens/capaAmidar.jpeg,../dados/imagesn/gameAmidar.png

Base Attack,Vazio,Vazio,Home Vision,1983?,shooter,Original version of Z-Tack,../dados/imagens/capaAmidar.jpeg,../dados/imagesn/gameAmidar.png

Basic Math AKA Fun With Numbers,Math,CX-2661,Gary Palmer,1977,Educational,One of the nine Atari 2600 launch games ,../dados/imagens/capaAmidar.jpeg,../dados/imagesn/gameAmidar.png

Basketball,Basketball,CX-2624,Alan Miller,1978,Sports, ,../dados/imagens/capaAmidar.jpeg,../dados/imagesn/gameAmidar.png

Battlezone,-,CX-2681,Mike Feinstein and Brad Rice,1983,Action; Simulation, ,../dados/imagens/capaAmidar.jpeg,../dados/imagesn/gameAmidar.png

Beamrider,Vazio,Vazio,Cheshire Engineering,1983,Action, ,../dados/imagens/capaAmidar.jpeg,../dados/imagesn/gameAmidar.png

Beany Bopper,Vazio,Vazio,Sirius Software,1982,Action, ,../dados/imagens/capaAmidar.jpeg,../dados/imagesn/gameAmidar.png

Beat Em and Eat Em,Vazio,Vazio,Mystique,1982,Adult; Action,"Originally marketed under the ""Swedish Erotica"" series. First pornographic video game released for the Atari 2600.",../dados/imagens/capaAmidar.jpeg,../dados/imagesn/gameAmidar.png

Berenstain Bears,Vazio,Vazio,Coleco,1983,Educational,Kid Vid Voice Module required to function,../dados/imagens/capaAmidar.jpeg,../dados/imagesn/gameAmidar.png

Bermuda,Vazio,Vazio,Suntek?,1983,Shooter,Hack of River Raid,../dados/imagens/capaAmidar.jpeg,../dados/imagesn/gameAmidar.png

Bermuda Triangle,Vazio,Vazio,Data Age,1982,Action, ,../dados/imagens/capaAmidar.jpeg,../dados/imagesn/gameAmidar.png

Berzerk,Berzerk,CX-2650,Dan Hitchens,1982,Action,Licensed by Stern Electronics ,../dados/imagens/capaAmidar.jpeg,../dados/imagesn/gameAmidar.png

Big Bird's Egg Catch,-,CX-26104,Christopher Omarzu,1983,Educational; Strategy,Co-developed by Children's Computer Workshop ,../dados/imagens/capaAmidar.jpeg,../dados/imagesn/gameAmidar.png

Birthday Mania,Vazio,Vazio,Tokar; Robert Anthony,1984,Action, ,../dados/imagens/capaAmidar.jpeg,../dados/imagesn/gameAmidar.png

Blackjack,Blackjack,CX-2651,Bob Whitehead,1977,Simulation,One of the nine Atari 2600 launch games ,../dados/imagens/capaAmidar.jpeg,../dados/imagesn/gameAmidar.png

Blue Print,Vazio,Vazio,CBS Electronics,1983,Action,licensed by Bally Midway,../dados/imagens/capaAmidar.jpeg,../dados/imagesn/gameAmidar.png

Bobby Is Going Home,Vazio,Vazio,Bit Corporation,1983, ,vazio ,../dados/imagens/capaAmidar.jpeg,../dados/imagesn/gameAmidar.png

Boing!,Vazio,Vazio,First Star Software,1983,Action, ,../dados/imagens/capaAmidar.jpeg,../dados/imagesn/gameAmidar.png

Bowling,Bowling,CX-2628,Larry Kaplan,1979,Sports, ,../dados/imagens/capaAmidar.jpeg,../dados/imagesn/gameAmidar.png

Boxing,Vazio,Vazio,Activision (Bob Whitehead),1980,Sports, ,../dados/imagens/capaAmidar.jpeg,../dados/imagesn/gameAmidar.png

Brain Games,Brain Games,CX-2664,Larry Kaplan,1978,Educational; Strategy, ,../dados/imagens/capaAmidar.jpeg,../dados/imagesn/gameAmidar.png

Breakout,Breakaway IV,CX-2622,Brad Stewart,1978,Action, ,../dados/imagens/capaAmidar.jpeg,../dados/imagesn/gameAmidar.png

Bridge,Vazio,Vazio,Activision (Larry Kaplan),1980,Strategy, ,../dados/imagens/capaAmidar.jpeg,../dados/imagesn/gameAmidar.png

Buck Rogers: Planet of Zoom,Vazio,Vazio,Sega,1983,Action, ,../dados/imagens/capaAmidar.jpeg,../dados/imagesn/gameAmidar.png

Bugs,Vazio,Vazio,Data Age,1982,Action, ,../dados/imagens/capaAmidar.jpeg,../dados/imagesn/gameAmidar.png

Bump 'n' Jump,Vazio,Vazio,Mattel Electronics,1983,Action; Racing / Driving,licensed by Data East USA,../dados/imagens/capaAmidar.jpeg,../dados/imagesn/gameAmidar.png

Bumper Bash,Vazio,Vazio,Spectravision,1983,Action, ,../dados/imagens/capaAmidar.jpeg,../dados/imagesn/gameAmidar.png

BurgerTime,Vazio,Vazio,Mattel Electronics,1982,Action,licensed by Data East USA,../dados/imagens/capaAmidar.jpeg,../dados/imagesn/gameAmidar.png

Burning Desire,Vazio,Vazio,PlayAround,Adult; Action,Released as a 2-in-1 cart with Bachelorette Party, ,../dados/imagens/capaAmidar.jpeg,../dados/imagesn/gameAmidar.png

Busy Police,Vazio,Vazio,Zellers,unlicensed reproduction of Keystone Kapers[12], ,../dados/imagens/capaAmidar.jpeg,../dados/imagesn/gameAmidar.png
,vazio
Cakewalk,Vazio,Vazio,CommaVid,1983,Action, ,../dados/imagens/capaAmidar.jpeg,../dados/imagesn/gameAmidar.png

California Games,Vazio,Vazio,Epyx,1987,Sports, ,../dados/imagens/capaAmidar.jpeg,../dados/imagesn/gameAmidar.png

Canyon Bomber,Canyon Bomber,CX-2607,David Crane,1979,Action, ,../dados/imagens/capaAmidar.jpeg,../dados/imagesn/gameAmidar.png

Carnival,Vazio,Vazio,Woodside Design Associates,1982,Action, ,../dados/imagens/capaAmidar.jpeg,../dados/imagesn/gameAmidar.png

Casino,Poker Plus,CX-2652,Bob Whitehead,1978,Strategy, ,../dados/imagens/capaAmidar.jpeg,../dados/imagesn/gameAmidar.png

Cathouse Blues,Vazio,Vazio,PlayAround,Adult, ,../dados/imagens/capaAmidar.jpeg,../dados/imagesn/gameAmidar.png
,vazio
Centipede,-,CX-2676,1983,Action, ,../dados/imagens/capaAmidar.jpeg,../dados/imagesn/gameAmidar.png
,vazio
Challenge,Vazio,Vazio,Funvision, ,../dados/imagens/capaAmidar.jpeg,../dados/imagesn/gameAmidar.png
,vazio,vazio
Challenge of Nexar,Vazio,Vazio,Sirius Software,1982,Action, ,../dados/imagens/capaAmidar.jpeg,../dados/imagesn/gameAmidar.png

Chase the Chuck Wagon,Vazio,Vazio,TMQ Software,1983,Action, ,../dados/imagens/capaAmidar.jpeg,../dados/imagesn/gameAmidar.png

Checkers,Vazio,Vazio,Activision (Alan Miller),1980,Strategy, ,../dados/imagens/capaAmidar.jpeg,../dados/imagesn/gameAmidar.png

China Syndrome,Vazio,Vazio,Spectravision,1983,Action, ,../dados/imagens/capaAmidar.jpeg,../dados/imagesn/gameAmidar.png

Chopper Command,Vazio,Vazio,Activision (Bob Whitehead),1982,Action, ,../dados/imagens/capaAmidar.jpeg,../dados/imagesn/gameAmidar.png

Chuck Norris Superkicks,Vazio,Vazio,Xonox,1983,Action, ,../dados/imagens/capaAmidar.jpeg,../dados/imagesn/gameAmidar.png

Chuck Norris Superkicks/Ghost Manor,Vazio,Vazio,Xonox,1983,Action,double-ended cartridge,../dados/imagens/capaAmidar.jpeg,../dados/imagesn/gameAmidar.png

Chuck Norris Superkicks/Spike's Peak,Vazio,Vazio,Xonox,1983,Action,double-ended cartridge,../dados/imagens/capaAmidar.jpeg,../dados/imagesn/gameAmidar.png

Circus Atari,Circus,CX-2630,Michael Lorenzen,1980,Action, ,../dados/imagens/capaAmidar.jpeg,../dados/imagesn/gameAmidar.png

Coconuts,Vazio,Vazio,Telesys,1982,Action, ,../dados/imagens/capaAmidar.jpeg,../dados/imagesn/gameAmidar.png

Codebreaker,Codebreaker,CX-2643,Unknown,1978,Strategy, ,../dados/imagens/capaAmidar.jpeg,../dados/imagesn/gameAmidar.png

Combat,Tank Plus,CX-2601,Larry Wagner; Joe Decuir,1977,Action,One of the nine Atari 2600 launch games ,../dados/imagens/capaAmidar.jpeg,../dados/imagesn/gameAmidar.png

Commando,Vazio,Vazio,Imagineering,1988,Action,licensed by Data East USA,../dados/imagens/capaAmidar.jpeg,../dados/imagesn/gameAmidar.png

Commando Raid,Vazio,Vazio,James Wickstead Design Associates,1982,Action, ,../dados/imagens/capaAmidar.jpeg,../dados/imagesn/gameAmidar.png

Communist Mutants from Space (cassette),Vazio,Vazio,Starpath,1982,Action, ,../dados/imagens/capaAmidar.jpeg,../dados/imagesn/gameAmidar.png

Condor Attack,Vazio,Vazio,Ultravision,Action, ,../dados/imagens/capaAmidar.jpeg,../dados/imagesn/gameAmidar.png
,vazio
Confrontation,Vazio,Vazio,Answer Software,1983,Strategy,Only originally available directly from Answer Software for a short time.,../dados/imagens/capaAmidar.jpeg,../dados/imagesn/gameAmidar.png

Congo Bongo,Vazio,Vazio,Sega,1983,Action, ,../dados/imagens/capaAmidar.jpeg,../dados/imagesn/gameAmidar.png

Cookie Monster Munch,-,CX-26102,Gary Stark,1983,Educational,Co-developed by Children's Computer Workshop. ,../dados/imagens/capaAmidar.jpeg,../dados/imagesn/gameAmidar.png

Cosmic Ark,Vazio,Vazio,Imagic (Rob Fulop),1982,Action, ,../dados/imagens/capaAmidar.jpeg,../dados/imagesn/gameAmidar.png

Cosmic Commuter,Vazio,Vazio,Activision,1984,Action, ,../dados/imagens/capaAmidar.jpeg,../dados/imagesn/gameAmidar.png

Cosmic Corridor,Vazio,Vazio,Zimag,NTSC release of Bit Corporation's Space Tunnel, ,../dados/imagens/capaAmidar.jpeg,../dados/imagesn/gameAmidar.png
,vazio
Cosmic Creeps,Vazio,Vazio,Telesys,1982,Action, ,../dados/imagens/capaAmidar.jpeg,../dados/imagesn/gameAmidar.png

Cosmic Free Fire,Vazio,Vazio,Action Hi-Tech,Action, ,../dados/imagens/capaAmidar.jpeg,../dados/imagesn/gameAmidar.png
,vazio
Cosmic Swarm,Vazio,Vazio,CommaVid,1982,Action, ,../dados/imagens/capaAmidar.jpeg,../dados/imagesn/gameAmidar.png

Crab Control,Vazio,Vazio,Action Hi-Tech,Action, ,../dados/imagens/capaAmidar.jpeg,../dados/imagesn/gameAmidar.png
,vazio
Crackpots,Vazio,Vazio,Activision,1983,Action, ,../dados/imagens/capaAmidar.jpeg,../dados/imagesn/gameAmidar.png

Crash Dive,Vazio,Vazio,20th Century Fox,1983,Action, ,../dados/imagens/capaAmidar.jpeg,../dados/imagesn/gameAmidar.png

Crazy Climber,-,CX-2683,Alex Leavens,1983,Action,Licensed by Nihon Bussan Co. Mail-order exclusive through Atari Club. ,../dados/imagens/capaAmidar.jpeg,../dados/imagesn/gameAmidar.png

Creature Strike,Vazio,Vazio,Home Entertainment Suppliers,Shooter,"Released as part of a ""2 PAK SPECIAL""[14]", ,../dados/imagens/capaAmidar.jpeg,../dados/imagesn/gameAmidar.png

Cross Force,Vazio,Vazio,Spectravision,1983,Action, ,../dados/imagens/capaAmidar.jpeg,../dados/imagesn/gameAmidar.png

Crossbow,-,CX-26139,1987,Action,Licensed by Exidy, ,../dados/imagens/capaAmidar.jpeg,../dados/imagesn/gameAmidar.png

Cruise Missile,Vazio,Vazio,Froggo,Same game as Exocet released by Panda, ,../dados/imagens/capaAmidar.jpeg,../dados/imagesn/gameAmidar.png
,vazio
Crypts of Chaos,Vazio,Vazio,20th Century Fox,1982,Adventure; Role-Playing (RPG), ,../dados/imagens/capaAmidar.jpeg,../dados/imagesn/gameAmidar.png

Crystal Castles,-,CX-26110,Peter C. Niday (programmer); Robert Vieira (sound); Michael Kosaka (graphics),1984,Action, ,../dados/imagens/capaAmidar.jpeg,../dados/imagesn/gameAmidar.png

Cubicolor,Vazio,Vazio,Rob Fulop,Strategy, ,../dados/imagens/capaAmidar.jpeg,../dados/imagesn/gameAmidar.png
,vazio
Custer's Revenge,Vazio,Vazio,Mystique,1982,Adult; Western,"Originally marketed under the ""Swedish Erotica"" series. Withdrawn in the state of Oklahoma.[15]",../dados/imagens/capaAmidar.jpeg,../dados/imagesn/gameAmidar.png

Dancing Plate,Vazio,Vazio,Bit Corporation,PAL release,"Originally marketed under the ""Swedish Erotica"" series. Withdrawn in the state of Oklahoma.[15]",../dados/imagens/capaAmidar.jpeg,../dados/imagesn/gameAmidar.png
,vazio
Dark Cavern,Vazio,Vazio,APh Technological Consulting,1982,conversion of Intellivision Night Stalker, ,../dados/imagens/capaAmidar.jpeg,../dados/imagesn/gameAmidar.png

Dark Chambers,-,CX-26151,John Palevich,1988,Action, ,../dados/imagens/capaAmidar.jpeg,../dados/imagesn/gameAmidar.png

Deadly Discs,Vazio,Vazio,APh Technological Consulting,1983,Action,reissue of M Network's Tron: Deadly Discs,../dados/imagens/capaAmidar.jpeg,../dados/imagesn/gameAmidar.png

Deadly Duck,Vazio,Vazio,Sirius Software,1982,Action, ,../dados/imagens/capaAmidar.jpeg,../dados/imagesn/gameAmidar.png

Death Trap,Vazio,Vazio,Avalon Hill,1983,Action; Strategy, ,../dados/imagens/capaAmidar.jpeg,../dados/imagesn/gameAmidar.png

Defender,Defender,CX-2609,Bob Polaro,1982,Action,Licensed by Williams Electronics ,../dados/imagens/capaAmidar.jpeg,../dados/imagesn/gameAmidar.png

Defender II,-,CX-26120,Bill Aspromonte (programmer); Andrew Fuchs (sound),1988,Action,Re-release of Stargate ,../dados/imagens/capaAmidar.jpeg,../dados/imagesn/gameAmidar.png

Demolition Herby,Vazio,Vazio,Telesys,1983,Action, ,../dados/imagens/capaAmidar.jpeg,../dados/imagesn/gameAmidar.png

Demon Attack,Vazio,Vazio,Imagic (Rob Fulop),1982,Fixed shooter, ,../dados/imagens/capaAmidar.jpeg,../dados/imagesn/gameAmidar.png

Demons to Diamonds,Demons to Diamonds,CX-2615,Nick Turner,1982,Action, ,../dados/imagens/capaAmidar.jpeg,../dados/imagesn/gameAmidar.png

Desert Falcon,-,CX-26140,Bob Polaro,1987,Action, ,../dados/imagens/capaAmidar.jpeg,../dados/imagesn/gameAmidar.png

Dice Puzzle,Vazio,Vazio,Panda,Action, ,../dados/imagens/capaAmidar.jpeg,../dados/imagesn/gameAmidar.png
,vazio
Dig Dug,-,CX-2677,1983,Action,Licensed by Namco, ,../dados/imagens/capaAmidar.jpeg,../dados/imagesn/gameAmidar.png

Dishaster,Vazio,Vazio,Zimag,1983,Action,Zimag's NTSC release of Bit Corporation's Dancing Plate,../dados/imagens/capaAmidar.jpeg,../dados/imagesn/gameAmidar.png

Dodge 'Em,Dodger Cars,CX-2637,Carla Meninsky,1980,Action; Racing, ,../dados/imagens/capaAmidar.jpeg,../dados/imagesn/gameAmidar.png

Dolphin,Vazio,Vazio,Activision,1983,Action, ,../dados/imagens/capaAmidar.jpeg,../dados/imagesn/gameAmidar.png

Donald Duck's Speedboat,-,CX-26108,Suki Lee,1983,Action,Only released in Brazil ,../dados/imagens/capaAmidar.jpeg,../dados/imagesn/gameAmidar.png

Donkey Kong,Vazio,Vazio,Imaginative Systems Software,1982,Action,licensed by Nintendo Co.; Ltd; reissued by Atari in 1988 (CX-26143),../dados/imagens/capaAmidar.jpeg,../dados/imagesn/gameAmidar.png

Donkey Kong Junior,Vazio,Vazio,Woodside Design Associates,1983,Action,licensed by Nintendo Co.; Ltd; reissued by Atari in 1988 (CX-26144),../dados/imagens/capaAmidar.jpeg,../dados/imagesn/gameAmidar.png

Double Dragon,Vazio,Vazio,Imagineering,1989,Action,licensed by Technōs Japan,../dados/imagens/capaAmidar.jpeg,../dados/imagesn/gameAmidar.png

Double Dunk,-,CX-26159,Matthew Hubbard,1989,Sports, ,../dados/imagens/capaAmidar.jpeg,../dados/imagesn/gameAmidar.png

Dragon Treasure,Vazio,Vazio,Zellers,unlicensed reproduction of Dragonfire[12], ,../dados/imagens/capaAmidar.jpeg,../dados/imagesn/gameAmidar.png
,vazio
Dragonfire,Vazio,Vazio,Imagic (Bob Smith),1982,Action, ,../dados/imagens/capaAmidar.jpeg,../dados/imagesn/gameAmidar.png

Dragonstomper (cassette),Vazio,Vazio,Starpath,1982,Role-Playing (RPG), ,../dados/imagens/capaAmidar.jpeg,../dados/imagesn/gameAmidar.png

Dragster,Vazio,Vazio,Activision (David Crane),1980,Racing / Driving, ,../dados/imagens/capaAmidar.jpeg,../dados/imagesn/gameAmidar.png

Dungeon Master,Vazio,Vazio,Home Entertainment Suppliers,Action; Adventure,"Released as part of a ""2 pak special""[14]", ,../dados/imagens/capaAmidar.jpeg,../dados/imagesn/gameAmidar.png

E.T. the Extra-Terrestrial,-,CX-2674,Howard Scott Warshaw,1982,Adventure,Considered the worst video game of all time and cause of the “video game crash of 1983” ,../dados/imagens/capaAmidar.jpeg,../dados/imagesn/gameAmidar.png

Earth Attack,Vazio,Vazio,Zellers,unlicensed reproduction of Defender[12],Considered the worst video game of all time and cause of the “video game crash of 1983” ,../dados/imagens/capaAmidar.jpeg,../dados/imagesn/gameAmidar.png
,vazio
Earth Dies Screaming,Vazio,Vazio,Sirius Software,1982,Action, ,../dados/imagens/capaAmidar.jpeg,../dados/imagesn/gameAmidar.png

Eddy Langfinger; der Museumsdieb,Vazio,Vazio,Quelle,Action,PAL release, ,vazio,vazio

Eggomania,Vazio,Vazio,James Wickstead Design Associates,1982,Action, ,../dados/imagens/capaAmidar.jpeg,../dados/imagesn/gameAmidar.png

Eli's Ladder,Vazio,Vazio,Simage,1982,Educational, ,../dados/imagens/capaAmidar.jpeg,../dados/imagesn/gameAmidar.png

Encounter at L-5,Vazio,Vazio,Data Age,1982,Action, ,../dados/imagens/capaAmidar.jpeg,../dados/imagesn/gameAmidar.png

Enduro,Vazio,Vazio,Activision,1983,Racing / Driving, ,../dados/imagens/capaAmidar.jpeg,../dados/imagesn/gameAmidar.png

Entombed,Vazio,Vazio,Western Technologies,1983,Action; Strategy,Researchers going through the game code in the 2010s have been unable to figure out how the game's maze-generating algorithm managed to consistently generate playable mazes. The original coder says he got it from another programmer who wrote it while drunk.,../dados/imagens/capaAmidar.jpeg,../dados/imagesn/gameAmidar.png

Escape from the Mindmaster (cassette),Vazio,Vazio,Starpath,1982,Adventure, ,../dados/imagens/capaAmidar.jpeg,../dados/imagesn/gameAmidar.png

Espial,Vazio,Vazio,Orca Corporation,1984,Action, ,../dados/imagens/capaAmidar.jpeg,../dados/imagesn/gameAmidar.png

Exocet,Vazio,Vazio,Panda,1983,Action,Same game as Cruise Missile released by Froggo,../dados/imagens/capaAmidar.jpeg,../dados/imagesn/gameAmidar.png

Exocet Missile,Vazio,Vazio,John Sands,Action,Same game as Cruise Missile released by Froggo,../dados/imagens/capaAmidar.jpeg,../dados/imagesn/gameAmidar.png
,vazio
Extra Terrestrials,Vazio,Vazio,Herman Quast,1984,Action, ,../dados/imagens/capaAmidar.jpeg,../dados/imagesn/gameAmidar.png

Fantastic Voyage,Vazio,Vazio,Sirius Software,1982,Action, ,../dados/imagens/capaAmidar.jpeg,../dados/imagesn/gameAmidar.png

Farmer Dan,Vazio,Vazio,Zellers,Action, ,../dados/imagens/capaAmidar.jpeg,../dados/imagesn/gameAmidar.png
,vazio
Fast Eddie,Vazio,Vazio,Sirius Software,1982,Action, ,../dados/imagens/capaAmidar.jpeg,../dados/imagesn/gameAmidar.png

Fast Food,Vazio,Vazio,Telesys,1982,Action, ,../dados/imagens/capaAmidar.jpeg,../dados/imagesn/gameAmidar.png

Fatal Run,-,CX-26162,Steve Aguirre,1990,Action; Racing / Driving,PAL-only release; developed by Sculptured Software ,../dados/imagens/capaAmidar.jpeg,../dados/imagesn/gameAmidar.png

Fathom,Vazio,Vazio,Imagic (Rob Fulop),1983,Action, ,../dados/imagens/capaAmidar.jpeg,../dados/imagesn/gameAmidar.png

Fighter Pilot,Vazio,Vazio,Activision,Action, ,../dados/imagens/capaAmidar.jpeg,../dados/imagesn/gameAmidar.png
,vazio
Final Approach,Vazio,Vazio,Apollo,1982,Simulation; Strategy, ,../dados/imagens/capaAmidar.jpeg,../dados/imagesn/gameAmidar.png

Fire Fighter,Vazio,Vazio,Imagic (Brad Stewart),1982,Action, ,../dados/imagens/capaAmidar.jpeg,../dados/imagesn/gameAmidar.png

Fire Fly,Vazio,Vazio,Mythicon,1983,Action, ,../dados/imagens/capaAmidar.jpeg,../dados/imagesn/gameAmidar.png

Fireball (cassette),Vazio,Vazio,Starpath,1982,Action, ,../dados/imagens/capaAmidar.jpeg,../dados/imagesn/gameAmidar.png

Fisher Price,Vazio,Vazio,CCE,Same game as Aquatak; Sea Hunt and Scuba Diver, ,../dados/imagens/capaAmidar.jpeg,../dados/imagesn/gameAmidar.png
,vazio
Fishing Derby,Vazio,Vazio,Activision (David Crane),1980,Action; Sports, ,../dados/imagens/capaAmidar.jpeg,../dados/imagesn/gameAmidar.png

Flag Capture,Capture,CX-2644,Jim Huether,1978,Strategy, ,../dados/imagens/capaAmidar.jpeg,../dados/imagesn/gameAmidar.png

Flash Gordon,Vazio,Vazio,Sirius Software,1983,Action, ,../dados/imagens/capaAmidar.jpeg,../dados/imagesn/gameAmidar.png

Football,Football,CX-2625,Bob Whitehead,1978,Sports, ,../dados/imagens/capaAmidar.jpeg,../dados/imagesn/gameAmidar.png

Frankenstein's Monster,Vazio,Vazio,Data Age,1983,Action, ,../dados/imagens/capaAmidar.jpeg,../dados/imagesn/gameAmidar.png

Freeway,Vazio,Vazio,Activision (David Crane),1981,Action, ,../dados/imagens/capaAmidar.jpeg,../dados/imagesn/gameAmidar.png

Frogger,Vazio,Vazio,APh Technological Consulting,1982,Action, ,../dados/imagens/capaAmidar.jpeg,../dados/imagesn/gameAmidar.png

Frogger II: ThreeeDeep!,Vazio,Vazio,Parker Brothers,1984,Action, ,../dados/imagens/capaAmidar.jpeg,../dados/imagesn/gameAmidar.png

Frogs and Flies,Vazio,Vazio,APh Technological Consulting,1982,Action,conversion of Intellivision Frog Bog,../dados/imagens/capaAmidar.jpeg,../dados/imagesn/gameAmidar.png

Front Line,Vazio,Vazio,Individeo,1984,Action,licensed by Taito,../dados/imagens/capaAmidar.jpeg,../dados/imagesn/gameAmidar.png

Frostbite,Vazio,Vazio,Activision,1983,Action, ,../dados/imagens/capaAmidar.jpeg,../dados/imagesn/gameAmidar.png

G.I. Joe: Cobra Strike,Vazio,Vazio,Parker Brothers,1983,Action, ,../dados/imagens/capaAmidar.jpeg,../dados/imagesn/gameAmidar.png

Galaxian,-,CX-2684,Mark Ackerman; Glen Parker and Tom Calderwood,1983,Action,Licensed by Namco ,../dados/imagens/capaAmidar.jpeg,../dados/imagesn/gameAmidar.png

Gamma-Attack,Vazio,Vazio,Gammation,1983,Action,Only one copy known to exist. It was listed on eBay for $500;000 but never sold.,../dados/imagens/capaAmidar.jpeg,../dados/imagesn/gameAmidar.png

Gangster Alley,Vazio,Vazio,Spectravision,1983,Action, ,../dados/imagens/capaAmidar.jpeg,../dados/imagesn/gameAmidar.png

Gas Hog,Vazio,Vazio,Spectravision,1983,Action, ,../dados/imagens/capaAmidar.jpeg,../dados/imagesn/gameAmidar.png

Gauntlet,Vazio,Vazio,Answer Software,1983,Action, ,../dados/imagens/capaAmidar.jpeg,../dados/imagesn/gameAmidar.png

General Retreat,Vazio,Vazio,PlayAround,1983,Adult; Western,Gender-swapped version of Custer’s Revenge; which never appeared in the US markets. PAL-only.,../dados/imagens/capaAmidar.jpeg,../dados/imagesn/gameAmidar.png

Ghost Manor,Vazio,Vazio,Xonox,1983,Action, ,../dados/imagens/capaAmidar.jpeg,../dados/imagesn/gameAmidar.png

Ghost Manor/Spike's Peak,Vazio,Vazio,Xonox,1983,Action,double-ended cartridge,../dados/imagens/capaAmidar.jpeg,../dados/imagesn/gameAmidar.png

Ghostbusters,Vazio,Vazio,Activision (David Crane),1985,Action, ,../dados/imagens/capaAmidar.jpeg,../dados/imagesn/gameAmidar.png

Ghostbusters II,Vazio,Vazio,Activision,1990/1992,Action,PAL-only,../dados/imagens/capaAmidar.jpeg,../dados/imagesn/gameAmidar.png

Gigolo,Vazio,Vazio,PlayAround,Adult,Released as a 2-in-1 cart with Bachelor Party, ,../dados/imagens/capaAmidar.jpeg,../dados/imagesn/gameAmidar.png

Glacier Patrol,Vazio,Vazio,VSS,1983,Action, ,../dados/imagens/capaAmidar.jpeg,../dados/imagesn/gameAmidar.png

Glib,Vazio,Vazio,Qualtronic Devices,1983,Strategy, ,../dados/imagens/capaAmidar.jpeg,../dados/imagesn/gameAmidar.png

Golf,Golf,CX-2634,Michael Lorenzen,1980,Sports, ,../dados/imagens/capaAmidar.jpeg,../dados/imagesn/gameAmidar.png

Gopher,Vazio,Vazio,James Wickstead Design Associates,1982,Action, ,../dados/imagens/capaAmidar.jpeg,../dados/imagesn/gameAmidar.png

Gorf,Vazio,Vazio,Roklan Corporation,1982,Action,licensed by Bally Midway,../dados/imagens/capaAmidar.jpeg,../dados/imagesn/gameAmidar.png

Grand Prix,Vazio,Vazio,Activision (David Crane),1982,Racing / Driving, ,../dados/imagens/capaAmidar.jpeg,../dados/imagesn/gameAmidar.png

Gravitar,-,CX-2685,1983,Action, ,../dados/imagens/capaAmidar.jpeg,../dados/imagesn/gameAmidar.png
,vazio
Great Escape,Vazio,Vazio,Bomb,1983,Action, ,../dados/imagens/capaAmidar.jpeg,../dados/imagesn/gameAmidar.png

Gremlins,-,CX-26127,Scott Smith (programmer); Mimi Nyden (graphics); Robert Vieira (sound),1984,Action, ,../dados/imagens/capaAmidar.jpeg,../dados/imagesn/gameAmidar.png

Guardian,Vazio,Vazio,Apollo,1982,Action, ,../dados/imagens/capaAmidar.jpeg,../dados/imagesn/gameAmidar.png

Gyruss,Vazio,Vazio,Roklan Corporation,1984,Action,licensed by Konami,../dados/imagens/capaAmidar.jpeg,../dados/imagesn/gameAmidar.png

H.E.R.O.,Vazio,Vazio,Activision,1984,Action, ,../dados/imagens/capaAmidar.jpeg,../dados/imagesn/gameAmidar.png

Halloween,Vazio,Vazio,VSS,1983,Action, ,../dados/imagens/capaAmidar.jpeg,../dados/imagesn/gameAmidar.png

Hangman,Spelling,CX-2662,Alan Miller,1978,Strategy, ,../dados/imagens/capaHangman.jpeg,../dados/imagens/gameHangman.jpeg

Harbor Escape,Vazio,Vazio,Panda,Strategy, ,../dados/imagens/capaHangman.jpeg,../dados/imagens/gameHangman.jpeg
,vazio
Haunted House,Haunted House,CX-2654,James Andreasen,1982,Action; Adventure, ,../dados/imagens/capaHangman.jpeg,../dados/imagens/gameHangman.jpeg

Home Run,Baseball,CX-2623,Bob Whitehead,1978,Sports, ,../dados/imagens/capaHangman.jpeg,../dados/imagens/gameHangman.jpeg

Human Cannonball,Cannon Man,CX-2627,Unknown,1978,Strategy,Based on an unreleased arcade concept by Owen Rubin ,../dados/imagens/capaHangman.jpeg,../dados/imagens/gameHangman.jpeg

Hunt & Score (see Concentration),-,CX-2642,Jim Huether,1978,Strategy, ,../dados/imagens/capaHangman.jpeg,../dados/imagens/gameHangman.jpeg

I Want My Mommy,Vazio,Vazio,Zimag,1983,Action,NTSC release of Bit Corporation's Open Sesame,../dados/imagens/capaHangman.jpeg,../dados/imagens/gameHangman.jpeg

Ice Hockey,Vazio,Vazio,Activision (Alan Miller),1981,Action; Sports, ,../dados/imagens/capaHangman.jpeg,../dados/imagens/gameHangman.jpeg

Ikari Warriors,-,CX-26177,1989,Action,Licensed by SNK, ,../dados/imagens/capaHangman.jpeg,../dados/imagens/gameHangman.jpeg

Inca Gold,Vazio,Vazio,Zellers,Zeller's NTSC release of Funvision's Inca Gold, ,../dados/imagens/capaHangman.jpeg,../dados/imagens/gameHangman.jpeg
,vazio
Indy 500,Race,CX-2611,Ed Riddle,1977,Racing,One of the nine Atari 2600 launch games ,../dados/imagens/capaHangman.jpeg,../dados/imagens/gameHangman.jpeg

Infiltrate,Vazio,Vazio,Apollo,1982,Action; Strategy, ,../dados/imagens/capaHangman.jpeg,../dados/imagens/gameHangman.jpeg

International Soccer,Vazio,Vazio,APh Technological Consulting,1982,Sports, ,../dados/imagens/capaHangman.jpeg,../dados/imagens/gameHangman.jpeg

James Bond 007,Vazio,Vazio,On Time Software,1983,Action, ,../dados/imagens/capaHangman.jpeg,../dados/imagens/gameHangman.jpeg

Jawbreaker,Vazio,Vazio,On-Line Systems,1981,Action, ,../dados/imagens/capaHangman.jpeg,../dados/imagens/gameHangman.jpeg

Journey Escape,Vazio,Vazio,Data Age,1982,Action, ,../dados/imagens/capaHangman.jpeg,../dados/imagens/gameHangman.jpeg

Joust,-,CX-2691,Mike Feinstein and Kevin Osborn,1983,Action,Licensed by Williams Electronics ,../dados/imagens/capaHangman.jpeg,../dados/imagens/gameHangman.jpeg

Jr. Pac-Man,-,CX-26123,Ava-Robin Cohen,1986,Action,Licensed by Bally Midway ,../dados/imagens/capaHangman.jpeg,../dados/imagens/gameHangman.jpeg

Jungle Fever,Vazio,Vazio,PlayAround,1982,Adult; Action,Released as a 2-in-1 cart with Knight on the Town,../dados/imagens/capaHangman.jpeg,../dados/imagens/gameHangman.jpeg

Jungle Hunt,-,CX-2688,Mike Feinstein and John Allred,1983,Side-scrolling action,Licensed by Taito ,../dados/imagens/capaHangman.jpeg,../dados/imagens/gameHangman.jpeg

Kaboom!,Vazio,Vazio,Activision (Larry Kaplan; David Crane),1981,Action, ,../dados/imagens/capaHangman.jpeg,../dados/imagens/gameHangman.jpeg

Kangaroo,-,CX-2689,Kevin Osborn,1983,Action,Licensed by Sun Electronics ,../dados/imagens/capaHangman.jpeg,../dados/imagens/gameHangman.jpeg

Karate,Vazio,Vazio,Ultravision,1982,Action, ,../dados/imagens/capaHangman.jpeg,../dados/imagens/gameHangman.jpeg

Keystone Kapers,Vazio,Vazio,Activision,1983,Action, ,../dados/imagens/capaHangman.jpeg,../dados/imagens/gameHangman.jpeg

Killer Satellites (cassette),Vazio,Vazio,Starpath,1982,Action, ,../dados/imagens/capaHangman.jpeg,../dados/imagens/gameHangman.jpeg

King Kong,Vazio,Vazio,Software Electronics,1982,Action, ,../dados/imagens/capaHangman.jpeg,../dados/imagens/gameHangman.jpeg

Klax,-,CX-26192,Steve DeFrisco,1990,Action; Strategy,PAL-only. Last official game released for 2600. ,../dados/imagens/capaHangman.jpeg,../dados/imagens/gameHangman.jpeg

Knight on the Town,Vazio,Vazio,PlayAround,Adult; Action,Released as a 2-in-1 cart with Jungle Fever, ,../dados/imagens/capaHangman.jpeg,../dados/imagens/gameHangman.jpeg

Kool-Aid Man,Vazio,Vazio,Mattel Electronics,1983,Action, ,../dados/imagens/capaHangman.jpeg,../dados/imagens/gameHangman.jpeg

Krull,-,CX-2682,Dave Staugas,1983,Action, ,../dados/imagens/capaHangman.jpeg,../dados/imagens/gameHangman.jpeg

Kung-Fu Master,Vazio,Vazio,Imagineering,1987,Action,licensed by Data East USA,../dados/imagens/capaKungFu.jpeg,../dados/imagens/gamekungFu.jpeg

Lady in Wading,Vazio,Vazio,PlayAround,1982,Adult; Action,Released as a 2-in-1 cart with Beat 'Em & Eat 'Em,../dados/imagens/capaKungFu.jpeg,../dados/imagens/gamekungFu.jpeg

Laser Blast,Vazio,Vazio,Activision (David Crane),1981,Action, ,../dados/imagens/capaKungFu.jpeg,../dados/imagens/gamekungFu.jpeg

Laser Gates,Vazio,Vazio,Imagic; VentureVision,1983,Action, ,../dados/imagens/capaKungFu.jpeg,../dados/imagens/gamekungFu.jpeg

Laser Volley,Vazio,Vazio,Zellers,unlicensed reproduction of Laser Gates[12], ,../dados/imagens/capaKungFu.jpeg,../dados/imagens/gamekungFu.jpeg
,vazio
Lochjaw,Vazio,Vazio,Apollo,1982,Action,Later released by Apollo as Shark Attack,../dados/imagens/capaKungFu.jpeg,../dados/imagens/gamekungFu.jpeg

Lock 'n' Chase,Vazio,Vazio,APh Technological Consulting,1982,Action,licensed by Data East USA.,../dados/imagens/capaKungFu.jpeg,../dados/imagens/gamekungFu.jpeg

London Blitz,Vazio,Vazio,Avalon Hill,1983,Strategy, ,../dados/imagens/capaKungFu.jpeg,../dados/imagens/gamekungFu.jpeg

Lost Luggage,Vazio,Vazio,Apollo,1982,Action, ,../dados/imagens/capaKungFu.jpeg,../dados/imagens/gamekungFu.jpeg

M*A*S*H,Vazio,Vazio,20th Century Fox,1982,Action, ,../dados/imagens/capaKungFu.jpeg,../dados/imagens/gamekungFu.jpeg

M.A.D.,Vazio,Vazio,Western Technologies,1982,Action, ,../dados/imagens/capaKungFu.jpeg,../dados/imagens/gamekungFu.jpeg

MagiCard,Vazio,Vazio,CommaVid,1981, ,../dados/imagens/capaKungFu.jpeg,../dados/imagens/gamekungFu.jpeg
,vazio
Malagai,Vazio,Vazio,Answer Software,Action, ,../dados/imagens/capaKungFu.jpeg,../dados/imagens/gamekungFu.jpeg
,vazio
Mangia,Vazio,Vazio,Spectravision,1983,Action, ,../dados/imagens/capaKungFu.jpeg,../dados/imagens/gamekungFu.jpeg

Marauder,Vazio,Vazio,On-Line Systems,1982, ,../dados/imagens/capaKungFu.jpeg,../dados/imagens/gamekungFu.jpeg
,vazio
Marine Wars,Vazio,Vazio,Digivision,1983,Action,PAL version released by Gakken.,../dados/imagens/capaKungFu.jpeg,../dados/imagens/gamekungFu.jpeg

Mario Bros.,-,CX-2697,Dan Hitchens,1983,Action,Licensed by Nintendo ,../dados/imagens/capaKungFu.jpeg,../dados/imagens/gamekungFu.jpeg

Master Builder,Vazio,Vazio,Spectravision,1983,Action, ,../dados/imagens/capaKungFu.jpeg,../dados/imagens/gamekungFu.jpeg

Masters of the Universe: The Power of He-Man,Vazio,Vazio,Mattel Electronics,1983,Action, ,../dados/imagens/capaKungFu.jpeg,../dados/imagens/gamekungFu.jpeg

Math Gran Prix,Math Gran Prix,CX-2658,Suki Lee,1982,Educational; Racing, ,../dados/imagens/capaKungFu.jpeg,../dados/imagens/gamekungFu.jpeg

Maze Craze: A Game of Cops and Robbers,Maze Mania,CX-2635,Rick Maurer,1980,Action, ,../dados/imagens/capaKungFu.jpeg,../dados/imagens/gamekungFu.jpeg

Mega Force,Vazio,Vazio,20th Century Fox,1982,Action, ,../dados/imagens/capaKungFu.jpeg,../dados/imagens/gamekungFu.jpeg

MegaBoy,Vazio,Vazio,Dynacom,Educational,The cartridge; the only known 64k Atari 2600 game; came with a Brazilian portable console also called Megaboy.[16],     ,../dados/imagens/capaKungFu.jpeg,../dados/imagens/gamekungFu.jpeg

Megamania,Vazio,Vazio,Activision,1982,Action, ,../dados/imagens/capaKungFu.jpeg,../dados/imagens/gamekungFu.jpeg

Midnight Magic,-,CX-26129,Glenn Axworthy,1986,Action, ,../dados/imagens/capaKungFu.jpeg,../dados/imagens/gamekungFu.jpeg

Millipede,-,CX-26118,Dave Staugas (programmer); Jerome Domurat (graphics); Andrew Fuchs (sound); Robert Vieira (sound),1984,Fixed Shooter, ,../dados/imagens/capaKungFu.jpeg,../dados/imagens/gamekungFu.jpeg

Miner 2049er,Vazio,Vazio,Big Five Software,1983,Action, ,../dados/imagens/capaMine2049er.jpeg,../dados/imagens/gameAmidar.png

Miner 2049er II,Vazio,Vazio,Big Five Software,1982,Action, ,../dados/imagens/capaMine2049er.jpeg,../dados/imagens/gameAmidar.png

Mines of Minos,Vazio,Vazio,CommaVid,1983,Action, ,../dados/imagens/capaMine2049er.jpeg,../dados/imagens/gameAmidar.png

Miniature Golf,Arcade Golf[5],CX-2626,Tom Reuterdahl,1979,Simulation; Sports; Strategy, ,../dados/imagens/capaMine2049er.jpeg,../dados/imagens/gameAmidar.png

Missile Command,Missile Command,CX-2638,Rob Fulop,1981,Action, ,../dados/imagens/capaMine2049er.jpeg,../dados/imagens/gameAmidar.png

Missile Control,Vazio,Vazio,Video Gems,Action,PAL-format[17], ,../dados/imagens/capaMine2049er.jpeg,../dados/imagens/gameAmidar.png

Mission 3000 A.D.,Vazio,Vazio,Bit Corporation,1983,Action, ,../dados/imagens/capaMine2049er.jpeg,../dados/imagens/gameAmidar.png

Mission Survive,Vazio,Vazio,Video Gems,Action,PAL-format[17], ,../dados/imagens/capaMine2049er.jpeg,../dados/imagens/gameAmidar.png

Mogul Maniac,Vazio,Vazio,Video Soft,1983,Action; Simulation; Sports, ,../dados/imagens/capaMine2049er.jpeg,../dados/imagens/gameAmidar.png

Montezuma's Revenge: Starring Panama Joe,Vazio,Vazio,James Wickstead Design Associates,1984,Action, ,../dados/imagens/capaMine2049er.jpeg,../dados/imagens/gameAmidar.png

Moon Patrol,-,CX-2692,1983,Action,licensed by Irem, ,../dados/imagens/capaMine2049er.jpeg,../dados/imagens/gameAmidar.png

Moonsweeper,Vazio,Vazio,Imagic (Bob Smith),1983,Action, ,../dados/imagens/capaMine2049er.jpeg,../dados/imagens/gameAmidar.png

MotoRodeo,-,CX-26171,Steve DeFrisco,1990,Racing / Driving; Sports,Developed by Axlon ,../dados/imagens/capaMine2049er.jpeg,../dados/imagens/gameAmidar.png

Motocross,Vazio,Vazio,Quelle,Racing / Driving; Sports,Developed by Axlon ,../dados/imagens/capaMine2049er.jpeg,../dados/imagens/gameAmidar.png
,vazio
Motocross Racer,Vazio,Vazio,Xonox,1984,Racing / Driving, ,../dados/imagens/capaMine2049er.jpeg,../dados/imagens/gameAmidar.png

Mountain King,Vazio,Vazio,VSS,1983,Action, ,../dados/imagens/capaMine2049er.jpeg,../dados/imagens/gameAmidar.png

Mouse Trap,Vazio,Vazio,James Wickstead Design Associates,1982,Action,licensed by Exidy; reissued by Atari in 1988 (CX-26146),../dados/imagens/capaMine2049er.jpeg,../dados/imagens/gameAmidar.png

Mr. Do!,Vazio,Vazio,Individeo,1983,Action,licensed by Universal Co.; Ltd.,../dados/imagens/capaMine2049er.jpeg,../dados/imagens/gameAmidar.png

Mr. Do's Castle,Vazio,Vazio,Parker Brothers,1984,Action,licensed by Universal Co.; Ltd.,../dados/imagens/capaMine2049er.jpeg,../dados/imagens/gameAmidar.png

Mr. Postman,Vazio,Vazio,Bit Corporation,Action,licensed by Universal Co.; Ltd.,../dados/imagens/capaMine2049er.jpeg,../dados/imagens/gameAmidar.png
,vazio
Ms. Pac-Man,-,CX-2675,Mike Horowitz and Josh Littlefield,1983,Action,Licensed by Bally Midway[6] ,../dados/imagens/capaMine2049er.jpeg,../dados/imagens/gameAmidar.png

My Golf,Vazio,Vazio,Imagineering (company),1990,PAL-only, ,../dados/imagens/capaMine2049er.jpeg,../dados/imagens/gameAmidar.png

Name This Game,Vazio,Vazio,James Wickstead Design Associates,1982,Action, ,../dados/imagens/capaMine2049er.jpeg,../dados/imagens/gameAmidar.png

Night Driver,Night Driver,CX-2633,Rob Fulop,1980,Action; Racing / Driving, ,../dados/imagens/capaMine2049er.jpeg,../dados/imagens/gameAmidar.png

Night Stalker,Vazio,Vazio,M Network,1989,Action,PAL release of Dark Cavern,../dados/imagens/capaMine2049er.jpeg,../dados/imagens/gameAmidar.png

Nightmare,Vazio,Vazio,Sancho / Tang's Electronic Co.,Action,Panda released this game as Stunt Man, ,../dados/imagens/capaMine2049er.jpeg,../dados/imagens/gameAmidar.png

No Escape!,Vazio,Vazio,Imagic,1983,Action, ,../dados/imagens/capaMine2049er.jpeg,../dados/imagens/gameAmidar.png

Nuts,Vazio,Vazio,Technovision,PAL-only, ,../dados/imagens/capaMine2049er.jpeg,../dados/imagens/gameAmidar.png
,vazio
Obelix,-,CX-26117,Suki Lee (programmer); Dave Jolly (graphics); Jeff Gusman (sound); Andrew Fuchs (sound),1983,Action, ,../dados/imagens/capaObelix.jpeg,../dados/imagens/gameObelix.png

Ocean City Defender,Vazio,Vazio,Zellers,Action, ,../dados/imagens/capaObelix.jpeg,../dados/imagens/gameObelix.png
,vazio
Off Your Rocker,Vazio,Vazio,Amiga,1983,Action, ,../dados/imagens/capaObelix.jpeg,../dados/imagens/gameObelix.png

Off the Wall,-,CX-26168,1989,Action, ,../dados/imagens/capaObelix.jpeg,../dados/imagens/gameObelix.png
,vazio
Oink!,Vazio,Vazio,Activision (Mike Lorenzen),1983,Action, ,../dados/imagens/capaObelix.jpeg,../dados/imagens/gameObelix.png

Omega Race,Vazio,Vazio,CBS Electronics,1983,Action,licensed by Bally Midway,../dados/imagens/capaObelix.jpeg,../dados/imagens/gameObelix.png

Open Sesame,Vazio,Vazio,Bit Corporation,1983,Action,PAL release,../dados/imagens/capaObelix.jpeg,../dados/imagens/gameObelix.png

Oscar's Trash Race,-,CX-26101,Christopher Omarzu (programmer); Preston Stuart (graphics),1983,Educational; Racing / Driving,Co-developed by Children's Computer Workshop ,../dados/imagens/capaObelix.jpeg,../dados/imagens/gameObelix.png

Othello,Othello,CX-2639,Ed Logg,1980,Strategy, ,../dados/imagens/capaObelix.jpeg,../dados/imagens/gameObelix.png

Out of Control,Vazio,Vazio,Avalon Hill,1983,Action; Racing / Driving, ,../dados/imagens/capaObelix.jpeg,../dados/imagens/gameObelix.png

Outlaw,Gunslinger,CX-2605,David Crane,1978,Action, ,../dados/imagens/capaObelix.jpeg,../dados/imagens/gameObelix.png

Pac-Kong,Vazio,Vazio,Funvision,Action,A later PAL release of Funvision's Inca Gold, ,../dados/imagens/capaObelix.jpeg,../dados/imagens/gameObelix.png

Pac-Man,Pac-Man,CX-2646,Tod Frye,1982,Action,Licensed by Namco ,../dados/imagens/capaObelix.jpeg,../dados/imagens/gameObelix.png

Panda Chase,Vazio,Vazio,Home Vision,PAL-only,Licensed by Namco ,../dados/imagens/capaObelix.jpeg,../dados/imagens/gameObelix.png
,vazio
Parachute,Vazio,Vazio,Gem International Corporation,1983,Action,PAL-only,../dados/imagens/capaObelix.jpeg,../dados/imagens/gameObelix.png

Paris Attack,Vazio,Vazio,unknown,1982,Action / Shooter,PAL-only,../dados/imagens/capaObelix.jpeg,../dados/imagens/gameObelix.png

Party Mix (cassette),Vazio,Vazio,Starpath,1983,Action; Racing / Driving, ,../dados/imagens/capaObelix.jpeg,../dados/imagens/gameObelix.png

Pelé's Soccer AKA Championship Soccer,Soccer,CX-2616,Steve Wright,1980,Action; Sports, ,../dados/imagens/capaObelix.jpeg,../dados/imagens/gameObelix.png

Pengo,-,CX-2690,Mark R. Hahn (programmer); Andrew Fuchs (sound); Jeff Gusman (sound); Courtney Granner (unknown),1984,Action,Licensed by Coreland; Sega ,../dados/imagens/capaObelix.jpeg,../dados/imagens/gameObelix.png

Pepsi Invaders,-,CX-2632H,Christopher Omarzu,1983,Action,A special version of Space Invaders commissioned by Coca-Cola. ,../dados/imagens/capaObelix.jpeg,../dados/imagens/gameObelix.png

Pete Rose Baseball,Vazio,Vazio,Imagineering,1988,Sports, ,../dados/imagens/capaObelix.jpeg,../dados/imagens/gameObelix.png

Phantom Tank,Vazio,Vazio,Bit Corporation,PAL release, ,../dados/imagens/capaObelix.jpeg,../dados/imagens/gameObelix.png
,vazio
Phantom-Panzer,Vazio,Vazio,Quelle,Action,Quelle's PAL release of Bit Corporation's Phantom Tank, ,../dados/imagens/capaObelix.jpeg,../dados/imagens/gameObelix.png

Phaser Patrol (cassette),Vazio,Vazio,Starpath,1982,Action, ,../dados/imagens/capaObelix.jpeg,../dados/imagens/gameObelix.png

Philly Flasher,Vazio,Vazio,Mystique; PlayAround,1982,Adult; Action,Released as a 2-in-1 cart with Cathouse Blues,../dados/imagens/capaObelix.jpeg,../dados/imagens/gameObelix.png

Phoenix,-,CX-2673,Mike Feinstein and John Mracek,1983,Action,Licensed by Amstar Electronics. ,../dados/imagens/capaObelix.jpeg,../dados/imagens/gameObelix.png

Pick 'n Pile,Vazio,Vazio,Ubisoft,1990,Strategy,PAL-only,../dados/imagens/capaObelix.jpeg,../dados/imagens/gameObelix.png

Picnic,Vazio,Vazio,Western Technologies,1983,Action, ,../dados/imagens/capaObelix.jpeg,../dados/imagens/gameObelix.png

Piece o' Cake,Vazio,Vazio,Western Technologies,1983,Action, ,../dados/imagens/capaObelix.jpeg,../dados/imagens/gameObelix.png

Pigs in Space,-,CX-26114,Rob Zdybel (programmer); John Russell (programmer); Bill Aspromonte (programmer); Michael Sierchio (designer),1983,Action,       ,../dados/imagens/capaObelix.jpeg,../dados/imagens/gameObelix.png

Pinball,Vazio,Vazio,Zellers,unlicensed reproduction of Video Pinball[12],       ,../dados/imagens/capaObelix.jpeg,../dados/imagens/gameObelix.png
,vazio
Piraten-Schiff,Vazio,Vazio,Spectravision,       ,../dados/imagens/capaObelix.jpeg,../dados/imagens/gameObelix.png
,vazio,vazio
Pitfall II: Lost Caverns,Vazio,Vazio,Activision (David Crane),1984,Action, ,../dados/imagens/capaObelix.jpeg,../dados/imagens/gameObelix.png

Pitfall!,Vazio,Vazio,Activision (David Crane),1982,Action, ,../dados/imagens/capaObelix.jpeg,../dados/imagens/gameObelix.png

Planet Patrol,Vazio,Vazio,Spectravision,1983,Action, ,../dados/imagens/capaObelix.jpeg,../dados/imagens/gameObelix.png

Planeten Patrouile,Vazio,Vazio,Spectravision,Action, ,../dados/imagens/capaObelix.jpeg,../dados/imagens/gameObelix.png
,vazio
Plaque Attack,Vazio,Vazio,Activision,1983,Action, ,../dados/imagens/capaObelix.jpeg,../dados/imagens/gameObelix.png

Polaris,Vazio,Vazio,Tigervision,1982,Action,licensed by Taito,../dados/imagens/capaObelix.jpeg,../dados/imagens/gameObelix.png

Pole Position,-,CX-2694,Doug Macrae and John Allred,1983,Racing / Driving,Licensed by Namco ,../dados/imagens/capaObelix.jpeg,../dados/imagens/gameObelix.png

Pooyan,Vazio,Vazio,Konami,1983,Action,PAL version released by Gakken.,../dados/imagens/capaObelix.jpeg,../dados/imagens/gameObelix.png

Popeye,Vazio,Vazio,Parker Brothers,1983,Action,licensed by Nintendo,../dados/imagens/capaObelix.jpeg,../dados/imagens/gameObelix.png

Porky's,Vazio,Vazio,Dunhill Electronic Media; Lazer Microsystems,1983,Adventure, ,../dados/imagens/capaObelix.jpeg,../dados/imagens/gameObelix.png

Pressure Cooker,Vazio,Vazio,Activision,1983,Action, ,../dados/imagens/capaObelix.jpeg,../dados/imagens/gameObelix.png

Private Eye,Vazio,Vazio,Activision (Bob Whitehead),1983,Action, ,../dados/imagens/capaObelix.jpeg,../dados/imagens/gameObelix.png

Pyramid War,Vazio,Vazio,S.S.,PAL release, ,../dados/imagens/capaObelix.jpeg,../dados/imagens/gameObelix.png
,vazio
Q*bert,Vazio,Vazio,James Wickstead Design Associates,1983,Action,Reissued by Atari in 1988 (CX-26150),../dados/imagens/capaObelix.jpeg,../dados/imagens/gameObelix.png

Q*bert's Qubes,Vazio,Vazio,Mylstar Electronics,1984,Action, ,../dados/imagens/capaObelix.jpeg,../dados/imagens/gameObelix.png

Quadrun,-,CX-2686,Steve Woita,1983,Action,Mail-order exclusive through Atari Club. ,../dados/imagens/capaObelix.jpeg,../dados/imagens/gameObelix.png

Quest for Quintana Roo,Vazio,Vazio,VSS,1983,Action; Adventure, ,../dados/imagens/capaObelix.jpeg,../dados/imagens/gameObelix.png

Quick Step,Vazio,Vazio,Imagic,1983,Action, ,../dados/imagens/capaObelix.jpeg,../dados/imagens/gameObelix.png

Rabbit Transit (cassette),Vazio,Vazio,Starpath,1983,Action, ,../dados/imagens/capaObelix.jpeg,../dados/imagens/gameObelix.png

Racquetball,Vazio,Vazio,Apollo,1981,Action; Sports, ,../dados/imagens/capaObelix.jpeg,../dados/imagens/gameObelix.png

Radar,Vazio,Vazio,Zellers,unlicensed reproduction of Cruise Missile[12], ,../dados/imagens/capaObelix.jpeg,../dados/imagens/gameObelix.png
,vazio
Radar Lock,-,CX-26176,Doug Neubauer,1989,Action, ,../dados/imagens/capaObelix.jpeg,../dados/imagens/gameObelix.png

Raft Rider,Vazio,Vazio,Western Technologies,1983,Action, ,../dados/imagens/capaObelix.jpeg,../dados/imagens/gameObelix.png

Raiders of the Lost Ark,-,CX-2659,Howard Scott Warshaw,1982,Adventure, ,../dados/imagens/capaObelix.jpeg,../dados/imagens/gameObelix.png

Ram It,Vazio,Vazio,Telesys,1983,Action, ,../dados/imagens/capaObelix.jpeg,../dados/imagens/gameObelix.png

Rampage,Vazio,Vazio,Bob Polaro,1989,Action,licensed by Bally Midway.,../dados/imagens/capaObelix.jpeg,../dados/imagens/gameObelix.png

Reactor,Vazio,Vazio,D. Gottlieb & Co.,1982,Action, ,../dados/imagens/capaObelix.jpeg,../dados/imagens/gameObelix.png

RealSports Baseball,-,CX-2640,Joseph Tung,1982,Action; Sports, ,../dados/imagens/capaObelix.jpeg,../dados/imagens/gameObelix.png

RealSports Boxing,-,CX-26135,Alex DeMeo,1987,Action; Sports, ,../dados/imagens/capaObelix.jpeg,../dados/imagens/gameObelix.png

RealSports Football,-,CX-2668,Robert Zdybel,1982,Sports, ,../dados/imagens/capaObelix.jpeg,../dados/imagens/gameObelix.png

RealSports Soccer,-,CX-2667,Michael Sierchio,1983,Sports, ,../dados/imagens/capaObelix.jpeg,../dados/imagens/gameObelix.png

RealSports Tennis,-,CX-2680,1983,Sports, ,../dados/imagens/capaObelix.jpeg,../dados/imagens/gameObelix.png
,vazio
RealSports Volleyball,-,CX-2666,Bob Polaro (programmer); Alan Murphy (graphics),1982,Sports, ,../dados/imagens/capaObelix.jpeg,../dados/imagens/gameObelix.png

Red Sea Crossing,Vazio,Vazio,Steve Schustack,1983,Only available through mail order from a magazine. 100 copies were apparently produced but only 2 have been found.[18], ,../dados/imagens/capaObelix.jpeg,../dados/imagens/gameObelix.png

Rescue Terra 1,Vazio,Vazio,VentureVision,1982,Action, ,../dados/imagens/capaObelix.jpeg,../dados/imagens/gameObelix.png

Revenge of the Beefsteak Tomatoes,Vazio,Vazio,20th Century Fox,1983,Action, ,../dados/imagens/capaObelix.jpeg,../dados/imagens/gameObelix.png

Riddle of the Sphinx,Vazio,Vazio,Imagic (Bob Smith),1982,Action; Adventure, ,../dados/imagens/capaObelix.jpeg,../dados/imagens/gameObelix.png

River Patrol,Vazio,Vazio,Orca Corporation,1984,Action, ,../dados/imagens/capaObelix.jpeg,../dados/imagens/gameObelix.png

River Raid,Vazio,Vazio,Activision (Carol Shaw),1982,Action, ,../dados/imagens/capaObelix.jpeg,../dados/imagens/gameObelix.png

River Raid II,Vazio,Vazio,Imagineering,1988,Action, ,../dados/imagens/capaObelix.jpeg,../dados/imagens/gameObelix.png

Road Runner,-,CX-2663,Bob Polaro,1989,Action; Racing / Driving, ,../dados/imagens/capaObelix.jpeg,../dados/imagens/gameObelix.png

Robin Hood,Vazio,Vazio,Xonox,1983,Action, ,../dados/imagens/capaObelix.jpeg,../dados/imagens/gameObelix.png

Robin Hood/Sir Lancelot - The Joust,Vazio,Vazio,Computer Magic; Ltd.,1983,Action,double-ended cartridge,../dados/imagens/capaObelix.jpeg,../dados/imagens/gameObelix.png

Robot Commando Raid,Vazio,Vazio,VidTec,Action,double-ended cartridge,../dados/imagens/capaObelix.jpeg,../dados/imagens/gameObelix.png
,vazio
Robot Tank,Vazio,Vazio,Activision (Alan Miller),1983,Action, ,../dados/imagens/capaObelix.jpeg,../dados/imagens/gameObelix.png

Roc'n Rope,Vazio,Vazio,Coleco,1984,Action,licensed by Konami,../dados/imagens/capaObelix.jpeg,../dados/imagens/gameObelix.png

Room of Doom,Vazio,Vazio,CommaVid,1982,Action, ,../dados/imagens/capaObelix.jpeg,../dados/imagens/gameObelix.png

Rubik's Cube,-,CX-2698,1983,Strategy,Re-release of Atari Video Cube, ,../dados/imagens/capaObelix.jpeg,../dados/imagens/gameObelix.png

Save Our Ship,Vazio,Vazio,Technovision,PAL release, ,../dados/imagens/capaObelix.jpeg,../dados/imagens/gameObelix.png
,vazio
Scuba Diver,Vazio,Vazio,Panda, ,../dados/imagens/capaObelix.jpeg,../dados/imagens/gameObelix.png
,vazio,vazio
Sea Hawk,Vazio,Vazio,Froggo,1988,Action, ,../dados/imagens/capaObelix.jpeg,../dados/imagens/gameObelix.png

Sea Hunt,Vazio,Vazio,Froggo,1987,Action,Froggo's release of Panda's Scuba Diver,../dados/imagens/capaObelix.jpeg,../dados/imagens/gameObelix.png

Seahawk,Vazio,Vazio,Sancho (Tang's Electronic Co.),Action,Froggo's release of Panda's Scuba Diver,../dados/imagens/capaObelix.jpeg,../dados/imagens/gameObelix.png
,vazio
Seamonster,Vazio,Vazio,Puzzy / Bit Corporation,Action,Froggo's release of Panda's Scuba Diver,../dados/imagens/capaObelix.jpeg,../dados/imagens/gameObelix.png
,vazio
Seaquest,Vazio,Vazio,Activision,1983,Action, ,../dados/imagens/capaObelix.jpeg,../dados/imagens/gameObelix.png

Secret Quest,-,CX-26170,Steve DeFrisco (programmer); Nolan Bushnell (designer),1989,Adventure,Developed by Axlon. ,../dados/imagens/capaObelix.jpeg,../dados/imagens/gameObelix.png

Sentinel,-,CX-26183,David Lubar (programmer),1990,Action, ,../dados/imagens/capaObelix.jpeg,../dados/imagens/gameObelix.png

Shark Attack,Vazio,Vazio,Apollo,A re-release of Lochjaw; which has subtle differences, ,../dados/imagens/capaObelix.jpeg,../dados/imagens/gameObelix.png
,vazio
Shootin' Gallery,Vazio,Vazio,Imagic,1983,Action, ,../dados/imagens/capaObelix.jpeg,../dados/imagens/gameObelix.png

Shuttle Orbiter,Vazio,Vazio,Avalon Hill,1983,Action; Simulation, ,../dados/imagens/capaObelix.jpeg,../dados/imagens/gameObelix.png

Sir Lancelot,Vazio,Vazio,Xonox,1983,Action, ,../dados/imagens/capaObelix.jpeg,../dados/imagens/gameObelix.png

Skate Boardin': A Radical Adventure,Vazio,Vazio,Imagineering,1987,Action; Sports, ,../dados/imagens/capaObelix.jpeg,../dados/imagens/gameObelix.png

Skeet Shoot,Vazio,Vazio,Apollo,1981,Action, ,../dados/imagens/capaObelix.jpeg,../dados/imagens/gameObelix.png

Skiing,Vazio,Vazio,Activision (Bob Whitehead),1980,Sports, ,../dados/imagens/capaObelix.jpeg,../dados/imagens/gameObelix.png

Sky Diver,Dare Diver,CX-2629,Jim Huether,1979,Action, ,../dados/imagens/capaObelix.jpeg,../dados/imagens/gameObelix.png

Sky Jinks,Vazio,Vazio,Activision (Bob Whitehead),1982,Racing / Driving, ,../dados/imagens/capaObelix.jpeg,../dados/imagens/gameObelix.png

Sky Skipper,Vazio,Vazio,Parker Brothers,1983,Action, ,../dados/imagens/capaObelix.jpeg,../dados/imagens/gameObelix.png

Slot Machine,Slots,CX-2653,David Crane,1979,Simulation, ,../dados/imagens/capaObelix.jpeg,../dados/imagens/gameObelix.png

Slot Racers,Maze,CX-2606,Warren Robinett,1978,Action, ,../dados/imagens/capaObelix.jpeg,../dados/imagens/gameObelix.png

Smurf: Rescue in Gargamel's Castle,Vazio,Vazio,James Wickstead Design Associates,1982,Action, ,../dados/imagens/capaObelix.jpeg,../dados/imagens/gameObelix.png

Snail Against Squirrel,Vazio,Vazio,Bit Corporation,Action,PAL release. Released in NTSC format as Squirrel, ,../dados/imagens/capaObelix.jpeg,../dados/imagens/gameObelix.png

Sneak 'N Peek,Vazio,Vazio,James Wickstead Design Associates,1982,Simulation, ,../dados/imagens/capaObelix.jpeg,../dados/imagens/gameObelix.png

Snoopy and the Red Baron,-,CX-26111,Richard Dobbis (programmer); Sam Comstock (graphics),1983,Action, ,../dados/imagens/capaObelix.jpeg,../dados/imagens/gameObelix.png

Solar Fox,Vazio,Vazio,CBS Electronics,1983,Action,licensed by Bally Midway,../dados/imagens/capaObelix.jpeg,../dados/imagens/gameObelix.png

Solar Storm,Vazio,Vazio,Imagic,1983,Action, ,../dados/imagens/capaObelix.jpeg,../dados/imagens/gameObelix.png

Solaris,-,CX-26136,Doug Neubauer,1986,Action,Originally released by mail-order through Atari Club. ,../dados/imagens/capaObelix.jpeg,../dados/imagens/gameObelix.png

Sorcerer,Vazio,Vazio,Mythicon,1983,Action, ,../dados/imagens/capaObelix.jpeg,../dados/imagens/gameObelix.png

Sorcerer's Apprentice,-,CX-26109,Peter C. Niday,1983,Action, ,../dados/imagens/capaObelix.jpeg,../dados/imagens/gameObelix.png

Space Adventure,Vazio,Vazio,Zellers,Zellers' release of 20th Century Fox's Flash Gordon, ,../dados/imagens/capaObelix.jpeg,../dados/imagens/gameObelix.png
,vazio
Space Attack,Vazio,Vazio,APh Technological Consulting,1982,Action, ,../dados/imagens/capaObelix.jpeg,../dados/imagens/gameObelix.png

Space Canyon,Vazio,Vazio,Apollo,1983,Action,Panda's release of Apollo's Space Cavern,../dados/imagens/capaObelix.jpeg,../dados/imagens/gameObelix.png

Space Cavern,Vazio,Vazio,Apollo,1982,Action, ,../dados/imagens/capaObelix.jpeg,../dados/imagens/gameObelix.png

Space Grid,Vazio,Vazio,Action Hi-Tech,Action, ,../dados/imagens/capaObelix.jpeg,../dados/imagens/gameObelix.png
,vazio
Space Invaders,Space Invaders,CX-2632,Rick Maurer,1980,Action,Licensed by Taito ,../dados/imagens/capaObelix.jpeg,../dados/imagens/gameObelix.png

Space Jockey,Vazio,Vazio,James Wickstead Design Associates,1982,Action, ,../dados/imagens/capaObelix.jpeg,../dados/imagens/gameObelix.png

Space Shuttle: A Journey into Space,Vazio,Vazio,Activision,1983,Simulation, ,../dados/imagens/capaObelix.jpeg,../dados/imagens/gameObelix.png

Space War,Space Combat,CX-2604,Ian Shepard,1978,Action, ,../dados/imagens/capaObelix.jpeg,../dados/imagens/gameObelix.png

Spacechase,Vazio,Vazio,Apollo,1981,Action, ,../dados/imagens/capaObelix.jpeg,../dados/imagens/gameObelix.png

Spacemaster X-7,Vazio,Vazio,Sirius Software,1983,Action; Strategy, ,../dados/imagens/capaObelix.jpeg,../dados/imagens/gameObelix.png

Spider Fighter,Vazio,Vazio,Activision,1982,Action, ,../dados/imagens/capaObelix.jpeg,../dados/imagens/gameObelix.png

Spider Maze,Vazio,Vazio,K-Tel Vision,K-Tel Vision's NTSC release of Funvision's Inca Gold, ,../dados/imagens/capaObelix.jpeg,../dados/imagens/gameObelix.png
,vazio
Spider-Man,Vazio,Vazio,Parker Brothers,1982,Action, ,../dados/imagens/capaObelix.jpeg,../dados/imagens/gameObelix.png

Spiderdroid,Vazio,Vazio,Froggo,1987,Action,Froggo's release of Parker Brothers' Amidar,../dados/imagens/capaObelix.jpeg,../dados/imagens/gameObelix.png

Spike's Peak,Vazio,Vazio,Xonox,1983,Action, ,../dados/imagens/capaObelix.jpeg,../dados/imagens/gameObelix.png

Spitfire Attack,Vazio,Vazio,Milton Bradley,1983,Action, ,../dados/imagens/capaObelix.jpeg,../dados/imagens/gameObelix.png

Springer,Vazio,Vazio,Orca Corporation,1983,Action, ,../dados/imagens/capaObelix.jpeg,../dados/imagens/gameObelix.png

Sprint Master,-,CX-26155,Bob Polaro,1988,Action; Racing / Driving, ,../dados/imagens/capaObelix.jpeg,../dados/imagens/gameObelix.png

Spy Hunter,Vazio,Vazio,Sega,1984,Action; Racing / Driving,licensed by Bally Midway,../dados/imagens/capaObelix.jpeg,../dados/imagens/gameObelix.png

Squeeze Box,Vazio,Vazio,James Wickstead Design Associates,1982,Action, ,../dados/imagens/capaObelix.jpeg,../dados/imagens/gameObelix.png

Sssnake,Vazio,Vazio,Data Age,1982,Action, ,../dados/imagens/capaObelix.jpeg,../dados/imagens/gameObelix.png

Stampede,Vazio,Vazio,Activision (Bob Whitehead),1981,Action, ,../dados/imagens/capaObelix.jpeg,../dados/imagens/gameObelix.png

Star Fox,Vazio,Vazio,Mythicon,1983,Action, ,../dados/imagens/capaObelix.jpeg,../dados/imagens/gameObelix.png

Star Raiders,Star Raiders,CX-2660,Carla Meninsky,1982,Action; Strategy, ,../dados/imagens/capaObelix.jpeg,../dados/imagens/gameObelix.png

Star Ship,Outer Space,CX-2603,Bob Whitehead,1977,Action,One of the nine Atari 2600 launch games ,../dados/imagens/capaObelix.jpeg,../dados/imagens/gameObelix.png

Star Strike,Vazio,Vazio,Mattel Electronics,1982,Action,conversion of Intellivision Star Strike,../dados/imagens/capaObelix.jpeg,../dados/imagens/gameObelix.png

Star Trek: Strategic Operations Simulator,Vazio,Vazio,Sega,1983,Action, ,../dados/imagens/capaObelix.jpeg,../dados/imagens/gameObelix.png

Star Voyager,Vazio,Vazio,Imagic (Bob Smith),1982,Action, ,../dados/imagens/capaObelix.jpeg,../dados/imagens/gameObelix.png

Star Wars Return of the Jedi: Death Star Battle,Vazio,Vazio,Parker Brothers,1983,Action, ,../dados/imagens/capaObelix.jpeg,../dados/imagens/gameObelix.png

Star Wars: Jedi Arena,Vazio,Vazio,Parker Brothers,1983,Action, ,../dados/imagens/capaObelix.jpeg,../dados/imagens/gameObelix.png

Star Wars: The Arcade Game,Vazio,Vazio,James Wickstead Design Associates,1984,Action, ,../dados/imagens/capaObelix.jpeg,../dados/imagens/gameObelix.png

Star Wars: The Empire Strikes Back,Vazio,Vazio,Parker Brothers,1982,Action, ,../dados/imagens/capaObelix.jpeg,../dados/imagens/gameObelix.png

Stargate,-,CX-26120,Bill Aspromonte (programmer); Andrew Fuchs (sound),1984,Action,Licensed by Williams Electronic Games ,../dados/imagens/capaObelix.jpeg,../dados/imagens/gameObelix.png

Stargunner,Vazio,Vazio,Telesys,1982,Action, ,../dados/imagens/capaObelix.jpeg,../dados/imagens/gameObelix.png

Starmaster,Vazio,Vazio,Activision (Alan Miller),1982,Action, ,../dados/imagens/capaObelix.jpeg,../dados/imagens/gameObelix.png

Steeplechase,-,CX-2614,Jim Huether,1980,Action; Sports,One of the three games Atari produced exclusively for Sears. ,../dados/imagens/capaObelix.jpeg,../dados/imagens/gameObelix.png

Stellar Track,-,CX-2619,Robert Zdybel,1980,Simulation; Strategy,One of the three games Atari produced exclusively for Sears. ,../dados/imagens/capaObelix.jpeg,../dados/imagens/gameObelix.png

Strategy X,Vazio,Vazio,Konami,1983,Action,PAL version released by Gakken.,../dados/imagens/capaObelix.jpeg,../dados/imagens/gameObelix.png

Strawberry Shortcake: Musical Match-ups,Vazio,Vazio,Parker Brothers,1983,Strategy, ,../dados/imagens/capaObelix.jpeg,../dados/imagens/gameObelix.png

Street Racer,Speedway II,CX-2612,Larry Kaplan,1977,Racing / Driving,One of the nine Atari 2600 launch games ,../dados/imagens/capaObelix.jpeg,../dados/imagens/gameObelix.png

Stronghold,Vazio,Vazio,CommaVid,1983,Action, ,../dados/imagens/capaObelix.jpeg,../dados/imagens/gameObelix.png

Stunt Man,Vazio,Vazio,Panda,Action,Panda's NTSC release of Sancho's Nightmare, ,../dados/imagens/capaObelix.jpeg,../dados/imagens/gameObelix.png

Sub-Scan,Vazio,Vazio,Sega,1983,Strategy,Sega's release of its Deep Scan arcade game,../dados/imagens/capaObelix.jpeg,../dados/imagens/gameObelix.png

Submarine Commander,-,CX-2647,Matthew Hubbard,1982,Simulation,One of the three games Atari produced exclusively for Sears. ,../dados/imagens/capaObelix.jpeg,../dados/imagens/gameObelix.png

Subterranea,Vazio,Vazio,Imagic,1983,Action, ,../dados/imagens/capaObelix.jpeg,../dados/imagens/gameObelix.png

Suicide Mission (cassette),Vazio,Vazio,Starpath,1982,Action, ,../dados/imagens/capaObelix.jpeg,../dados/imagens/gameObelix.png

Summer Games,Vazio,Vazio,Epyx,1987,Action; Sports, ,../dados/imagens/capaObelix.jpeg,../dados/imagens/gameObelix.png

Super Baseball,-,CX-26152,1988,Action; Sports, ,../dados/imagens/capaObelix.jpeg,../dados/imagens/gameObelix.png
,vazio
Super Baumeister,Vazio,Vazio,Spectravision,Arcade,PAL release of Master Builder, ,../dados/imagens/capaObelix.jpeg,../dados/imagens/gameObelix.png

Super Breakout,Super Breakout,CX-2608,Nick Turner,1981,Action, ,../dados/imagens/capaObelix.jpeg,../dados/imagens/gameObelix.png

Super Challenge Baseball,Vazio,Vazio,APh Technological Consulting,1982,Sports,reissued by Telegames in 1988,../dados/imagens/capaObelix.jpeg,../dados/imagens/gameObelix.png

Super Challenge Football,Vazio,Vazio,APh Technological Consulting,1982,Sports,reissued by Telegames in 1988,../dados/imagens/capaObelix.jpeg,../dados/imagens/gameObelix.png

Super Cobra,Vazio,Vazio,Roklan Corporation,1983,Action,licensed by Konami,../dados/imagens/capaObelix.jpeg,../dados/imagens/gameObelix.png

Super Football,-,CX-26154,Doug Neubauer,1988,Sports, ,../dados/imagens/capaObelix.jpeg,../dados/imagens/gameObelix.png

Superman,Superman,CX-2631,John Dunn,1979,Action; Adventure, ,../dados/imagens/capaObelix.jpeg,../dados/imagens/gameObelix.png

Surfer's Paradise: But Danger Below!,Vazio,Vazio,Video Gems,Action; Sports,PAL-format[17], ,../dados/imagens/capaObelix.jpeg,../dados/imagens/gameObelix.png

Surround,Chase,CX-2641,Alan Miller,1977,Action,One of the nine Atari 2600 launch games ,../dados/imagens/capaObelix.jpeg,../dados/imagens/gameObelix.png

Survival Island (cassette),Vazio,Vazio,Starpath,1983,Adventure, ,../dados/imagens/capaObelix.jpeg,../dados/imagens/gameObelix.png

Survival Run,Vazio,Vazio,Renaissance Technology,1983,Action, ,../dados/imagens/capaObelix.jpeg,../dados/imagens/gameObelix.png

Sword of Saros (cassette),Vazio,Vazio,Starpath,1983,Adventure; RPG, ,../dados/imagens/capaObelix.jpeg,../dados/imagens/gameObelix.png

Swordquest: Earthworld,-,CX-2656,Dan Hitchens,1982,Action; Adventure, ,../dados/imagens/capaObelix.jpeg,../dados/imagens/gameObelix.png

Swordquest: Fireworld,-,CX-2657,Tod Frye,1983,Adventure, ,../dados/imagens/capaObelix.jpeg,../dados/imagens/gameObelix.png

Swordquest: Waterworld,-,CX-2671,Tod Frye,1983,Adventure,Sold via mail-order through Atari Club. ,../dados/imagens/capaObelix.jpeg,../dados/imagens/gameObelix.png

Tac-Scan,Vazio,Vazio,Sega,1983,Action, ,../dados/imagens/capaObelix.jpeg,../dados/imagens/gameObelix.png

Tank Brigade,Vazio,Vazio,Panda,Panda's NTSC release of Bit Corporation's Phantom Tank, ,../dados/imagens/capaObelix.jpeg,../dados/imagens/gameObelix.png
,vazio
Tank City,Vazio,Vazio,Action Hi-Tech, ,../dados/imagens/capaObelix.jpeg,../dados/imagens/gameObelix.png
,vazio,vazio
Tanks But No Tanks,Vazio,Vazio,Zimag,Zimag's NTSC release of Bit Corporation's Phantom Tank, ,../dados/imagens/capaObelix.jpeg,../dados/imagens/gameObelix.png
,vazio
Tapeworm,Vazio,Vazio,Spectravision,1982,Action, ,../dados/imagens/capaObelix.jpeg,../dados/imagens/gameObelix.png

Tapper,Vazio,Vazio,Beck-Tech,1984,Action, ,../dados/imagens/capaObelix.jpeg,../dados/imagens/gameObelix.png

Task Force,Vazio,Vazio,Froggo,Froggo's release of Spectravision's Gangster Alley, ,../dados/imagens/capaObelix.jpeg,../dados/imagens/gameObelix.png
,vazio
Tax Avoiders,Vazio,Vazio,Dunhill Electronics,1982,Action, ,../dados/imagens/capaObelix.jpeg,../dados/imagens/gameObelix.png

Taz,-,CX-2699,Steve Woita,1983,Action, ,../dados/imagens/capaObelix.jpeg,../dados/imagens/gameObelix.png

Tennis,Vazio,Vazio,Activision (Alan Miller),1981,Sports, ,../dados/imagens/capaObelix.jpeg,../dados/imagens/gameObelix.png

The Activision Decathlon,Vazio,Vazio,Activision (David Crane),1983,Sports, ,../dados/imagens/capaObelix.jpeg,../dados/imagens/gameObelix.png

The Music Machine,Vazio,Vazio,Christian Software Development,1983,Action; Educational, ,../dados/imagens/capaObelix.jpeg,../dados/imagens/gameObelix.png

The Official Frogger (cassette),Vazio,Vazio,Starpath,Action, ,../dados/imagens/capaObelix.jpeg,../dados/imagens/gameObelix.png
,vazio
The Smurfs Save the Day[19],Vazio,Vazio,Coleco,Action,Kid Vid Voice Module required to function, ,../dados/imagens/capaObelix.jpeg,../dados/imagens/gameObelix.png

The Texas Chainsaw Massacre,Vazio,Vazio,VSS,1983,Action, ,../dados/imagens/capaObelix.jpeg,../dados/imagens/gameObelix.png

The Year 1999,Vazio,Vazio,Rainbow Vision,Shooter,PAL exclusive, ,../dados/imagens/capaObelix.jpeg,../dados/imagens/gameObelix.png

Threshold,Vazio,Vazio,On-Line Systems,1983,Fixed shooter, ,../dados/imagens/capaObelix.jpeg,../dados/imagens/gameObelix.png

Thunderground,Vazio,Vazio,Sega,1983,Action, ,../dados/imagens/capaObelix.jpeg,../dados/imagens/gameObelix.png

Time Pilot,Vazio,Vazio,Coleco,1983,Action,licensed by Konami,../dados/imagens/capaObelix.jpeg,../dados/imagens/gameObelix.png

Time Warp,Vazio,Vazio,Zellers,Zellers' NTSC release of Funvision's Time Warp,licensed by Konami,../dados/imagens/capaObelix.jpeg,../dados/imagens/gameObelix.png
,vazio
Title Match Pro Wrestling,Vazio,Vazio,Imagineering,1987,Sports, ,../dados/imagens/capaObelix.jpeg,../dados/imagens/gameObelix.png

Tomarc the Barbarian,Vazio,Vazio,Xonox,1983,Action, ,../dados/imagens/capaObelix.jpeg,../dados/imagens/gameObelix.png

Tomcat: The F-14 Fighter Simulator AKA Dan Kitchen's Tomcat: The F-14 Fighter Simulator,Vazio,Vazio,Imagineering (Dan Kitchen),1988,Action; Simulation, ,../dados/imagens/capaObelix.jpeg,../dados/imagens/gameObelix.png

Tooth Protectors,Vazio,Vazio,DSD,1983,Action,Was only available via mail order from Johnson & Johnson,../dados/imagens/capaObelix.jpeg,../dados/imagens/gameObelix.png

Towering Inferno,Vazio,Vazio,Western Technologies,1982,Action, ,../dados/imagens/capaObelix.jpeg,../dados/imagens/gameObelix.png

Track & Field,-,CX-26125,Seth Lipkin and Jacques Hugon,1983,Sports,Licensed by Konami. ,../dados/imagens/capaObelix.jpeg,../dados/imagens/gameObelix.png

Treasure Below,Vazio,Vazio,Video Gems,Action,PAL-format[17], ,../dados/imagens/capaObelix.jpeg,../dados/imagens/gameObelix.png

Trick Shot,Vazio,Vazio,Imagic,1983,Sports, ,../dados/imagens/capaObelix.jpeg,../dados/imagens/gameObelix.png

Tron: Deadly Discs,Vazio,Vazio,APh Technological Consulting,1982,Action,conversion of Intellivision Tron: Deadly Discs,../dados/imagens/capaObelix.jpeg,../dados/imagens/gameObelix.png

Tunnel Runner,Vazio,Vazio,CBS Electronics,1983,Action, ,../dados/imagens/capaObelix.jpeg,../dados/imagens/gameObelix.png

Turmoil,Vazio,Vazio,Sirius Software,1982,Action, ,../dados/imagens/capaObelix.jpeg,../dados/imagens/gameObelix.png

Tutankham,Vazio,Vazio,Parker Brothers,1983,Action,licensed by Konami,../dados/imagens/capaObelix.jpeg,../dados/imagens/gameObelix.png

Universal Chaos,Vazio,Vazio,Telegames,Action,licensed by Konami,../dados/imagens/capaObelix.jpeg,../dados/imagens/gameObelix.png
,vazio
Up'n Down,Vazio,Vazio,Sega,1984,Action; Racing / Driving, ,../dados/imagens/capaObelix.jpeg,../dados/imagens/gameObelix.png

Vanguard,-,CX-2669,Dave Payne,1983,Action,Licensed by SNK ,../dados/imagens/capaObelix.jpeg,../dados/imagens/gameObelix.png

Vazio,Vazio,Zellers,unlicensed reproduction of Keystone Kapers[12], ,../dados/imagens/capaAmidar.jpeg,../dados/imagesn/gameAmidar.png
,vazio,vazio
Venture,Vazio,Vazio,Coleco,1982,Action,licensed by Exidy; reissued by Atari in 1988 (CX-26145),../dados/imagens/capaObelix.jpeg,../dados/imagens/gameObelix.png

Video Checkers,Checkers,CX-2636,Carol Shaw,1980,Strategy, ,../dados/imagens/capaObelix.jpeg,../dados/imagens/gameObelix.png

Video Chess,Video Chess,CX-2645,Larry Wagner; Bob Whitehead,1979,Strategy, ,../dados/imagens/capaObelix.jpeg,../dados/imagens/gameObelix.png

Video Jogger,Vazio,Vazio,Exus Corporation,1983,Action, ,../dados/imagens/capaObelix.jpeg,../dados/imagens/gameObelix.png

Video Life,Vazio,Vazio,CommaVid,1981,Life Simulation, ,../dados/imagens/capaObelix.jpeg,../dados/imagens/gameObelix.png

Video Olympics,Pong Sports,CX-2621,Joe Decuir,1977,Action,One of the nine Atari 2600 launch games ,../dados/imagens/capaObelix.jpeg,../dados/imagens/gameObelix.png

Video Pinball,Arcade Pinball,CX-2648,Bob Smith,1980,Pinball, ,../dados/imagens/capaObelix.jpeg,../dados/imagens/gameObelix.png

Video Reflex,Vazio,Vazio,Exus Corporation,1983,Action, ,../dados/imagens/capaObelix.jpeg,../dados/imagens/gameObelix.png

Vulture Attack,Vazio,Vazio,K-Tel Vision,K-Tel Vision's release of Ultravision's Condor Attack game program, ,../dados/imagens/capaObelix.jpeg,../dados/imagens/gameObelix.png
,vazio
Wabbit,Vazio,Vazio,Apollo,1982,Action, ,../dados/imagens/capaObelix.jpeg,../dados/imagens/gameObelix.png

Wall Ball,Vazio,Vazio,Avalon Hill,Action, ,../dados/imagens/capaObelix.jpeg,../dados/imagens/gameObelix.png
,vazio
Wall-Defender,Vazio,Vazio,Bomb,1983,Action, ,../dados/imagens/capaObelix.jpeg,../dados/imagens/gameObelix.png

War Zone,Vazio,Vazio,Action Hi-Tech,Action, ,../dados/imagens/capaObelix.jpeg,../dados/imagens/gameObelix.png
,vazio
Warlords,Warlords,CX-2610,Carla Meninsky,1981,Action, ,../dados/imagens/capaObelix.jpeg,../dados/imagens/gameObelix.png

Warplock,Vazio,Vazio,Data Age,1982,Action, ,../dados/imagens/capaObelix.jpeg,../dados/imagens/gameObelix.png

Weltraumtunnel (Space Tunnel),Vazio,Vazio,BitCorp,1982,Action,PAL-Release - Quelle-variant is a BitCorp-clone; also known e.g. as Ataque Laser; Innerspace; Laser Volley; Laser Gate; Laser Gates,../dados/imagens/capaObelix.jpeg,../dados/imagens/gameObelix.png

Westward Ho,Vazio,Vazio,PlayAround,1983,Adult; Western,PlayAround’s rebrand of Custer’s Revenge; which never appeared in the US markets. PAL-only.,../dados/imagens/capaObelix.jpeg,../dados/imagens/gameObelix.png

Wing War,Vazio,Vazio,Imagic,1983,Action,PAL-only,../dados/imagens/capaObelix.jpeg,../dados/imagens/gameObelix.png

Winter Games,Vazio,Vazio,Action Graphics,1987,Action; Sports, ,../dados/imagens/capaObelix.jpeg,../dados/imagens/gameObelix.png

Wizard of Wor,Vazio,Vazio,Roklan Corporation,1982,Action,licensed by Bally Midway,../dados/imagens/capaObelix.jpeg,../dados/imagens/gameObelix.png

Word Zapper,Vazio,Vazio,James Wickstead Design Associates,1982,Action, ,../dados/imagens/capaObelix.jpeg,../dados/imagens/gameObelix.png

Worm War I,Vazio,Vazio,Sirius Software,1982,Shooter, ,../dados/imagens/capaObelix.jpeg,../dados/imagens/gameObelix.png

X-Man,Vazio,Vazio,Universal Gamex,Adult; Simulation,Adult-themed game unrelated to the X-Men.[20], ,../dados/imagens/capaObelix.jpeg,../dados/imagens/gameObelix.png

Xenophobe,-,CX-26172,1990,Action,Licensed by Bally Midway, ,../dados/imagens/capaObelix.jpeg,../dados/imagens/gameObelix.png

Z-Tack,Vazio,Vazio,Bomb,1983,Action, ,../dados/imagens/capaObelix.jpeg,../dados/imagens/gameObelix.png

Zaxxon,Vazio,Vazio,Coleco,1982,Action,licensed by Sega,../dados/imagens/capaObelix.jpeg,../dados/imagens/gameObelix.png

Zoo Fun,Vazio,Vazio,Suntek,PAL-only,',licensed by Sega,../dados/imagens/capaObelix.jpeg,../dados/imagens/gameObelix.png

